6,pct_basic,0,1578535973
7,pct_5w,0,1578535973
8,pct_5wlj,0,1578535973
9,pct_5wzp,0,1578535973
10,pct_5wljzp,0,1578535973
16,s_basic_string_expansion,1578535963,0
17,s_only_string_expansion,1578535963,0
18,s_two_string_expansions,1578535963,0
19,s_two_string_expansions2,1578535963,0
20,s_empty_string_expansion,1578535963,0
21,s_full_then_empty_string,1578535963,0
22,s_empty_then_full_string,1578535963,0
23,s_three_strings,1578535963,0
24,s_space_padded_field_width,1578535963,0
25,s_space_padded_field_width2,1578535963,0
26,s_space_padded_over_field_width,1578535963,0
27,s_space_padded_field_width_lj,1578535963,0
28,s_space_padded_field_width2_lj,1578535963,0
29,s_space_padded_over_field_width_lj,1578535963,0
30,s_string_prec_notrunc,1578535963,0
31,s_string_prec_trunc,1578535963,0
32,s_string_prec_default,1578535963,0
33,s_string_prec_zero,1578535963,0
34,s_two_strings_prec_2trunc,1578535963,0
35,s_two_strings_prec_1trunc_a,1578535963,0
36,s_two_strings_prec_1trunc_b,1578535963,0
37,s_two_strings_prec_0trunc,1578535963,0
38,s_string_prec_width_notrunc,1578535963,0
39,s_string_prec_width_trunc,1578535963,0
40,s_string_prec_width_notrunc_lj,1578535963,0
41,s_string_prec_width_trunc_lj,1578535963,0
42,s_two_s_prec_width_2fit_0trunc,1578535963,0
43,s_two_s_prec_width_1fit_a_0trunc,1578535963,0
44,s_two_s_prec_width_1fit_b_0trunc,1578535963,0
45,s_two_s_prec_width_0fit_0trunc,1578535963,0
46,s_two_s_prec_width_2fit_1trunc_a,1578535963,0
47,s_two_s_prec_width_1fit_a_1trunc_a,1578535963,0
48,s_two_s_prec_width_1fit_b_1trunc_a,1578535963,0
49,s_two_s_prec_width_0fit_1trunc_a,1578535963,0
50,s_two_s_prec_width_2fit_1trunc_b,1578535963,0
51,s_two_s_prec_width_1fit_a_1trunc_b,1578535963,0
52,s_two_s_prec_width_1fit_b_1trunc_b,1578535963,0
53,s_two_s_prec_width_0fit_1trunc_b,1578535963,0
54,s_two_s_prec_width_2fit_2trunc,1578535963,0
55,s_two_s_prec_width_1fit_a_2trunc,1578535963,0
56,s_two_s_prec_width_1fit_b_2trunc,1578535963,0
57,s_two_s_prec_width_0fit_2trunc,1578535963,0
58,s_two_s_prec_width_2trunc,1578535963,0
59,s_two_strings_lj_and_rj,1578535963,0
60,s_two_strings_rj_and_lj,1578535963,0
61,s_null_basic_string_expansion,1578535963,0
62,s_null_only_string_expansion,1578535963,0
63,s_null_space_padded_field_width,1578535963,0
64,s_null_space_padded_over_field_width,1578535963,0
65,s_null_space_padded_field_width_lj,1578535963,0
66,s_null_space_padded_field_width2_lj,1578535963,0
67,s_null_space_padded_over_field_width_lj,1578535963,0
68,s_null_string_prec_notrunc,1578535963,0
69,s_null_string_prec_trunc,1578535963,0
70,s_null_string_prec_default,1578535963,0
71,s_null_string_prec_zero,1578535963,0
72,s_basic_s_hidden,1578535963,0
73,s_width_3_s_hidden,1578535963,0
74,s_width_9_s_hidden,1578535963,0
75,s_prec_no_width_s_hidden,1578535963,0
76,s_prec_9_no_width_s_hidden,1578535963,0
77,s_prec_03_no_width_s_hidden,1578535963,0
78,s_prec_09_no_width_s_hidden,1578535963,0
79,s_prec_03_no_width_s_null,1578535963,0
80,s_prec_09_no_width_s_null,1578535963,0
81,s_prec_00_no_width_s_nullchar,1578535963,0
82,s_prec_01_no_width_s_nullchar,1578535963,0
83,s_prec_03_no_width_s_nullchar,1578535963,0
84,s_prec_09_no_width_s_nullchar,1578535963,0
85,s_prec_0_width_3_s_hidden,1578535963,0
86,s_prec_0_width_10_s_hidden,1578535963,0
87,s_prec_0_width_3_s_null,1578535963,0
88,s_prec_0_width_10_s_null,1578535963,0
89,s_prec_0_width_1_s_nullchar,1578535963,0
90,s_prec_0_width_2_s_nullchar,1578535963,0
91,s_prec_0_width_9_s_nullchar,1578535963,0
92,s_prec_0_lj_width_3_s_hidden,1578535963,0
93,s_prec_0_lj_width_8_s_hidden,1578535963,0
94,s_prec_0_lj_width_3_s_null,1578535963,0
95,s_prec_0_lj_width_8_s_null,1578535963,0
96,s_prec_0_lj_width_1_s_nullchar,1578535963,0
97,s_prec_0_lj_width_2_s_nullchar,1578535963,0
98,s_prec_0_lj_width_6_s_nullchar,1578535963,0
99,s_prec_1_width_3_s_hidden,1578535963,0
100,s_prec_1_width_10_s_hidden,1578535963,0
101,s_prec_1_width_3_s_null,1578535963,0
102,s_prec_1_width_9_s_null,1578535963,0
103,s_prec_1_lj_width_3_s_hidden,1578535963,0
104,s_prec_1_lj_width_10_s_hidden,1578535963,0
105,s_prec_1_lj_width_3_s_null,1578535963,0
106,s_prec_1_lj_width_9_s_null,1578535963,0
107,s_prec_1_lj_width_3_s_nullchar,1578535963,0
108,s_prec_1_lj_width_6_s_nullchar,1578535963,0
109,s_prec_perfect_width_3_s_hidden,1578535963,0
110,s_prec_perfect_width_20_s_hidden,1578535963,0
111,s_prec_perfect_width_3_s_null,1578535963,0
112,s_prec_perfect_width_20_s_null,1578535963,0
113,s_prec_perfect_width_3_s_nullchar,1578535963,0
114,s_prec_perfect_width_6_s_nullchar,1578535963,0
115,s_prec_perfect_lj_width_3_s_hidden,1578535963,0
116,s_prec_perfect_lj_width_20_s_hidden,1578535963,0
117,s_prec_8_lj_width_3_s_hidden,1578535963,0
118,s_prec_8_lj_width_10_s_hidden,1578535963,0
119,s_prec_8_lj_width_3_s_null,1578535963,0
120,s_prec_8_lj_width_10_s_null,1578535963,0
121,s_prec_00_lj_s_hidden_trunc,1578535963,0
122,s_prec_09_lj_s_hidden_notrunc,1578535963,0
161,i_basic_i_pos,1578535597,0
162,i_basic_i_neg,1578535597,0
163,i_basic_i_zero,1578535597,0
164,i_basic_i_onlypos,1578535597,0
165,i_basic_i_onlyneg,1578535597,0
166,i_basic_i_onlyzero,1578535597,0
167,d_basic_pos,1578535961,0
168,d_basic_neg,1578535961,0
169,d_basic_zero,1578535961,0
170,i_intmax,1578535597,0
171,i_intmin,1578535597,0
172,i_as_pos,1578535597,0
173,i_as_neg,1578535597,0
174,i_intmax_as,1578535597,0
175,i_width_pos_fits,1578535597,0
176,i_width_neg_fits,1578535597,0
177,i_width_zero_fits,1578535597,0
178,i_width_pos_exactfit,1578535597,0
179,i_width_neg_exactfit,1578535597,0
180,i_width_pos_nofit,1578535597,0
181,i_width_neg_nofit,1578535597,0
182,i_width_pos_fits_lj,1578535597,0
183,i_width_neg_fits_lj,1578535597,0
184,i_width_zero_fits_lj,1578535597,0
185,i_width_pos_exactfit_lj,1578535597,0
186,i_width_neg_exactfit_lj,1578535597,0
187,i_width_pos_nofit_lj,1578535597,0
188,i_width_neg_nofit_lj,1578535597,0
189,i_width_as_pos,1578535597,0
190,i_width_as_zero,1578535597,0
191,i_width_intmax_as,1578535597,0
192,i_prec_fits_pos,1578535597,0
193,i_prec_fits_neg,1578535597,0
194,i_prec_fits_zero,1578535597,0
195,i_prec_exactfit_pos,1578535597,0
196,i_prec_exactfit_neg,1578535597,0
197,i_prec_nofit_pos,1578535597,0
198,i_prec_nofit_neg,1578535597,0
199,i_prec_as_pos,1578535597,0
200,i_prec_as_neg,1578535597,0
201,i_prec_as_pos_nofit,1578535597,0
202,i_zp_pos_fits,1578535597,0
203,i_zp_neg_fits,1578535597,0
204,i_zp_zero_fits,1578535597,0
205,i_zp_pos_exactfit,1578535597,0
206,i_zp_neg_exactfit,1578535597,0
207,i_zp_neg_minus1fit,1578535597,0
208,i_zp_as_fits,1578535597,0
209,i_zp_as_zero,1578535597,0
210,i_prec_width_fit_fit_pos,1578535597,0
211,i_prec_width_fit_fit_neg,1578535597,0
212,i_prec_width_fit_fit_zero,1578535597,0
213,i_prec_width_nofit_fit_pos,1578535597,0
214,i_prec_width_nofit_fit_neg,1578535597,0
215,i_prec_width_fit_nofit_pos,1578535597,0
216,i_prec_width_fit_nofit_neg,1578535597,0
217,i_prec_width_nofit_nofit_pos,1578535597,0
218,i_prec_width_nofit_nofit_neg,1578535597,0
219,i_prec_width_fit_fit_pos_lj,1578535597,0
220,i_prec_width_fit_fit_neg_lj,1578535597,0
221,i_prec_width_fit_fit_zero_lj,1578535597,0
222,i_prec_width_nofit_fit_pos_lj,1578535597,0
223,i_prec_width_nofit_fit_neg_lj,1578535597,0
224,i_prec_width_fit_nofit_pos_lj,1578535597,0
225,i_prec_width_fit_nofit_neg_lj,1578535597,0
226,i_prec_width_nofit_nofit_pos_lj,1578535597,0
227,i_prec_width_nofit_nofit_neg_lj,1578535597,0
228,i_prec_width_fit_fit_pos_as,1578535597,0
229,i_prec_width_fit_fit_neg_as,1578535597,0
230,i_prec_width_fit_fit_zero_as,1578535597,0
231,i_prec_width_nofit_fit_pos_as,1578535597,0
232,i_prec_width_nofit_fit_neg_as,1578535597,0
233,i_prec_width_fit_nofit_pos_as,1578535597,0
234,i_prec_width_fit_nofit_neg_as,1578535597,0
235,i_prec_width_nofit_nofit_pos_as,1578535597,0
236,i_prec_width_nofit_nofit_neg_as,1578535597,0
237,i_prec_width_fit_fit_pos_ljas,1578535597,0
238,i_prec_width_fit_fit_neg_ljas,1578535597,0
239,i_prec_width_fit_fit_zero_ljas,1578535597,0
240,i_prec_width_nofit_fit_pos_ljas,1578535597,0
241,i_prec_width_nofit_fit_neg_ljas,1578535597,0
242,i_prec_width_fit_nofit_pos_ljas,1578535597,0
243,i_prec_width_fit_nofit_neg_ljas,1578535597,0
244,i_prec_width_nofit_nofit_pos_ljas,1578535597,0
245,i_prec_width_nofit_nofit_neg_ljas,1578535597,0
246,i_prec_width_ff_pos_zp,1578535597,0
247,i_prec_width_ff_neg_zp,1578535597,0
248,i_prec_width_ff_zero_zp,1578535597,0
249,i_prec_width_nf_pos_zp,1578535597,0
250,i_prec_width_nf_neg_zp,1578535597,0
251,i_prec_width_fn_pos_zp,1578535597,0
252,i_prec_width_fn_neg_zp,1578535597,0
253,i_prec_width_nn_pos_zp,1578535597,0
254,i_prec_width_nn_neg_zp,1578535597,0
255,i_prec_width_ff_pos_lj_zp_ignoreflag,1578535597,0
256,i_prec_width_ff_neg_ljzp_ignoreflag,1578535597,0
257,i_prec_width_ff_zero_ljzp_ignoreflag,1578535597,0
258,i_prec_width_nf_pos_ljzp_ignoreflag,1578535597,0
259,i_prec_width_nf_neg_ljzp_ignoreflag,1578535597,0
260,i_prec_width_fn_pos_ljzp_ignoreflag,1578535597,0
261,i_prec_width_fn_neg_ljzp_ignoreflag,1578535597,0
262,i_prec_width_nn_pos_ljzp_ignoreflag,1578535597,0
263,i_prec_width_nn_neg_ljzp_ignoreflag,1578535597,0
264,i_prec_width_ff_pos_aszp,1578535597,0
265,i_prec_width_ff_neg_aszp,1578535597,0
266,i_prec_width_ff_zero_aszp,1578535597,0
267,i_prec_width_nf_pos_aszp,1578535597,0
268,i_prec_width_nf_neg_aszp,1578535597,0
269,i_prec_width_fn_pos_aszp,1578535597,0
270,i_prec_width_fn_neg_aszp,1578535597,0
271,i_prec_width_nn_pos_aszp,1578535597,0
272,i_prec_width_nn_neg_aszp,1578535597,0
273,i_prec_width_ff_pos_ljaszp_ignoreflag,1578535597,0
274,i_prec_width_ff_neg_ljaszp_ignoreflag,1578535597,0
275,i_prec_width_ff_zero_ljaszp_ignoreflag,1578535597,0
276,i_prec_width_nf_pos_ljaszp_ignoreflag,1578535597,0
277,i_prec_width_nf_neg_ljaszp_ignoreflag,1578535597,0
278,i_prec_width_fn_pos_ljaszp_ignoreflag,1578535597,0
279,i_prec_width_fn_neg_ljaszp_ignoreflag,1578535597,0
280,i_prec_width_nn_pos_ljaszp_ignoreflag,1578535597,0
281,i_prec_width_nn_neg_ljaszp_ignoreflag,1578535597,0
282,i_size_hh_pos_casted,1578535597,0
283,i_size_hh_neg_casted,1578535597,0
284,i_size_h_pos_casted,1578535597,0
285,i_size_h_neg_casted,1578535597,0
286,i_size_l_pos_casted,1578535597,0
287,i_size_l_neg_casted,1578535597,0
288,i_size_ll_pos_casted,1578535597,0
289,i_size_ll_neg_casted,1578535597,0
290,i_size_hh_pos_ref,1578535597,0
291,i_size_hh_neg_ref,1578535597,0
292,i_size_h_pos_ref,1578535597,0
293,i_size_h_neg_ref,1578535597,0
294,i_size_l_pos_ref,1578535597,0
295,i_size_l_pos_ref_lmax,1578535597,0
296,i_size_ll_pos_ref_llmax,1578535597,0
297,i_size_l_neg_ref,1578535597,0
298,i_size_ll_pos_ref,1578535597,0
299,i_size_ll_neg_ref,1578535597,0
300,i_size_l_pos_big,1578535597,0
301,i_size_l_neg_big,1578535597,0
302,i_size_ll_pos_big,1578535597,0
303,i_size_ll_neg_big,1578535597,0
304,i_llmax,1578535597,0
305,i_llmin,1578535597,0
306,i_lmax,1578535597,0
307,i_lmin,1578535597,0
308,i_hmax,1578535597,0
309,i_hmin,1578535597,0
310,i_hhmax,1578535597,0
311,i_hhmin,1578535597,0
312,i_size_l_pos_big_zp,1578535597,0
313,i_size_l_neg_big_prec,1578535597,0
314,i_size_ll_pos_big_width,1578535597,0
315,i_size_ll_neg_big_lj,1578535597,0
316,i_size_l_pos_big_as,1578535597,0
317,i_size_follows_i_i,1578535597,0
318,i_size_follows_i_l,1578535597,0
319,i_size_follows_i_ll,1578535597,0
320,i_size_follows_i_h,1578535597,0
321,i_size_follows_i_hh,1578535597,0
322,i_size_ll_hh_ll,1578535597,0
323,i_size_h_l_hh,1578535597,0
324,i_size_l_hh_h,1578535597,0
325,i_size_n_ll_hh,1578535597,0
326,i_size_ll_n_l,1578535597,0
327,i_basic_i_pos_sp,1578535597,0
328,i_basic_i_neg_sp,1578535597,0
329,i_basic_i_zero_sp,1578535597,0
330,i_basic_i_onlypos_sp,1578535597,0
331,i_basic_i_onlyneg_sp,1578535597,0
332,i_basic_i_onlyzero_sp,1578535597,0
333,i_basic_i_pos_d_sp,1578535597,0
334,i_basic_i_neg_d_sp,1578535597,0
335,i_basic_i_zero_d_sp,1578535597,0
336,i_intmax_sp,1578535597,0
337,i_intmin_sp,1578535597,0
338,i_assp_pos_ignoreflag,1578535597,0
339,i_assp_neg_ignoreflag,1578535597,0
340,i_intmax_assp_ignoreflag,1578535597,0
341,i_width_pos_fits_sp,1578535597,0
342,i_width_neg_fits_sp,1578535597,0
343,i_width_zero_fits_sp,1578535597,0
344,i_width_pos_exactfit_sp,1578535597,0
345,i_width_neg_exactfit_sp,1578535597,0
346,i_width_pos_nofit_sp,1578535597,0
347,i_width_neg_nofit_sp,1578535597,0
348,i_width_pos_fits_lj_sp,1578535597,0
349,i_width_neg_fits_lj_sp,1578535597,0
350,i_width_zero_fits_lj_sp,1578535597,0
351,i_width_pos_exactfit_lj_sp,1578535597,0
352,i_width_neg_exactfit_lj_sp,1578535597,0
353,i_width_pos_nofit_lj_sp,1578535597,0
354,i_width_neg_nofit_lj_sp,1578535597,0
355,i_width_assp_pos_ignoreflag,1578535597,0
356,i_width_assp_zero_ignoreflag,1578535597,0
357,i_width_intmax_assp_ignoreflag,1578535597,0
358,i_prec_fits_pos_sp,1578535597,0
359,i_prec_fits_neg_sp,1578535597,0
360,i_prec_fits_zero_sp,1578535597,0
361,i_prec_exactfit_pos_sp,1578535597,0
362,i_prec_exactfit_neg_sp,1578535597,0
363,i_prec_nofit_pos_sp,1578535597,0
364,i_prec_nofit_neg_sp,1578535597,0
365,i_prec_assp_pos_ignoreflag,1578535597,0
366,i_prec_assp_neg_ignoreflag,1578535597,0
367,i_prec_assp_pos_nofit_ignoreflag,1578535597,0
368,i_zpsp_pos_fits,1578535597,0
369,i_zpsp_neg_fits,1578535597,0
370,i_zpsp_zero_fits,1578535597,0
371,i_zpsp_pos_exactfit,1578535597,0
372,i_zpsp_neg_exactfit,1578535597,0
373,i_zpsp_neg_minus1fit,1578535597,0
374,i_zpassp_as_fits_ignoreflag,1578535597,0
375,i_zpassp_zero_ignoreflag,1578535597,0
376,i_prec_width_fit_fit_pos_sp,1578535597,0
377,i_prec_width_fit_fit_neg_sp,1578535597,0
378,i_prec_width_fit_fit_zero_sp,1578535597,0
379,i_prec_width_nofit_fit_pos_sp,1578535597,0
380,i_prec_width_nofit_fit_neg_sp,1578535597,0
381,i_prec_width_fit_nofit_pos_sp,1578535597,0
382,i_prec_width_fit_nofit_neg_sp,1578535597,0
383,i_prec_width_nofit_nofit_pos_sp,1578535597,0
384,i_prec_width_nofit_nofit_neg_sp,1578535597,0
385,i_prec_width_fit_fit_pos_lj_sp,1578535597,0
386,i_prec_width_fit_fit_neg_lj_sp,1578535597,0
387,i_prec_width_fit_fit_zero_lj_sp,1578535597,0
388,i_prec_width_nofit_fit_pos_lj_sp,1578535597,0
389,i_prec_width_nofit_fit_neg_lj_sp,1578535597,0
390,i_prec_width_fit_nofit_pos_lj_sp,1578535597,0
391,i_prec_width_fit_nofit_neg_lj_sp,1578535597,0
392,i_prec_width_nofit_nofit_pos_lj_sp,1578535597,0
393,i_prec_width_nofit_nofit_neg_lj_sp,1578535597,0
394,i_prec_width_fit_fit_pos_assp_ignoreflag,1578535597,0
395,i_prec_width_fit_fit_neg_assp_ignoreflag,1578535597,0
396,i_prec_width_fit_fit_zero_assp_ignoreflag,1578535597,0
397,i_prec_width_nofit_fit_pos_assp_ignoreflag,1578535597,0
398,i_prec_width_nofit_fit_neg_assp_ignoreflag,1578535597,0
399,i_prec_width_fit_nofit_pos_assp_ignoreflag,1578535597,0
400,i_prec_width_fit_nofit_neg_assp_ignoreflag,1578535597,0
401,i_prec_width_nofit_nofit_pos_assp_ignoreflag,1578535597,0
402,i_prec_width_nofit_nofit_neg_assp_ignoreflag,1578535597,0
403,i_prec_width_fit_fit_pos_lj_assp_ignoreflag,1578535597,0
404,i_prec_width_fit_fit_neg_lj_assp_ignoreflag,1578535597,0
405,i_prec_width_fit_fit_zero_lj_assp_ignoreflag,1578535597,0
406,i_prec_width_nofit_fit_pos_lj_assp_ignoreflag,1578535597,0
407,i_prec_width_nofit_fit_neg_lj_assp_ignoreflag,1578535597,0
408,i_prec_width_fit_nofit_pos_lj_assp_ignoreflag,1578535597,0
409,i_prec_width_fit_nofit_neg_lj_assp_ignoreflag,1578535597,0
410,i_prec_width_nofit_nofit_pos_lj_assp_ignoreflag,1578535597,0
411,i_prec_width_nofit_nofit_neg_lj_assp_ignoreflag,1578535597,0
412,i_prec_width_ff_pos_zp_sp,1578535597,0
413,i_prec_width_ff_neg_zp_sp,1578535597,0
414,i_prec_width_ff_zero_zp_sp,1578535597,0
415,i_prec_width_nf_pos_zp_sp,1578535597,0
416,i_prec_width_nf_neg_zp_sp,1578535597,0
417,i_prec_width_fn_pos_zp_sp,1578535597,0
418,i_prec_width_fn_neg_zp_sp,1578535597,0
419,i_prec_width_nn_pos_zp_sp,1578535597,0
420,i_prec_width_nn_neg_zp_sp,1578535597,0
421,i_prec_width_ff_pos_ljzpsp_ignoreflag,1578535597,0
422,i_prec_width_ff_neg_ljzpsp_ignoreflag,1578535597,0
423,i_prec_width_ff_zero_ljzpsp_ignoreflag,1578535597,0
424,i_prec_width_nf_pos_ljzpsp_ignoreflag,1578535597,0
425,i_prec_width_nf_neg_ljzpsp_ignoreflag,1578535597,0
426,i_prec_width_fn_pos_ljzpsp_ignoreflag,1578535597,0
427,i_prec_width_fn_neg_ljzpsp_ignoreflag,1578535597,0
428,i_prec_width_nn_pos_ljzpsp_ignoreflag,1578535597,0
429,i_prec_width_nn_neg_ljzpsp_ignoreflag,1578535597,0
430,i_prec_width_ff_pos_aszpsp_ignoreflag,1578535597,0
431,i_prec_width_ff_neg_aszpsp_ignoreflag,1578535597,0
432,i_prec_width_ff_zero_aszpsp_ignoreflag,1578535597,0
433,i_prec_width_nf_pos_aszpsp_ignoreflag,1578535597,0
434,i_prec_width_nf_neg_aszpsp_ignoreflag,1578535597,0
435,i_prec_width_fn_pos_aszpsp_ignoreflag,1578535597,0
436,i_prec_width_fn_neg_aszpsp_ignoreflag,1578535597,0
437,i_prec_width_nn_pos_aszpsp_ignoreflag,1578535597,0
438,i_prec_width_nn_neg_aszpsp_ignoreflag,1578535597,0
439,i_prec_width_ff_pos_ljaszpsp_ignoreflag,1578535597,0
440,i_prec_width_ff_neg_ljaszpsp_ignoreflag,1578535597,0
441,i_prec_width_ff_zero_ljaszpsp_ignoreflag,1578535597,0
442,i_prec_width_nf_pos_ljaszpsp_ignoreflag,1578535597,0
443,i_prec_width_nf_neg_ljaszpsp_ignoreflag,1578535597,0
444,i_prec_width_fn_pos_ljaszpsp_ignoreflag,1578535597,0
445,i_prec_width_fn_neg_ljaszpsp_ignoreflag,1578535597,0
446,i_prec_width_nn_pos_ljaszpsp_ignoreflag,1578535597,0
447,i_prec_width_nn_neg_ljaszpsp_ignoreflag,1578535597,0
448,i_size_hh_pos_casted_sp,1578535597,0
449,i_size_hh_neg_casted_sp,1578535597,0
450,i_size_h_pos_casted_sp,1578535597,0
451,i_size_h_neg_casted_sp,1578535597,0
452,i_size_l_pos_casted_sp,1578535597,0
453,i_size_l_neg_casted_sp,1578535597,0
454,i_size_ll_pos_casted_sp,1578535597,0
455,i_size_ll_neg_casted_sp,1578535597,0
456,i_size_hh_pos_ref_sp,1578535597,0
457,i_size_hh_neg_ref_sp,1578535597,0
458,i_size_h_pos_ref_sp,1578535597,0
459,i_size_h_neg_ref_sp,1578535597,0
460,i_size_l_pos_ref_sp,1578535597,0
461,i_size_l_neg_ref_sp,1578535597,0
462,i_size_ll_pos_ref_sp,1578535597,0
463,i_size_ll_neg_ref_sp,1578535597,0
464,i_size_l_pos_big_sp,1578535597,0
465,i_size_l_neg_big_sp,1578535597,0
466,i_size_ll_pos_big_sp,1578535597,0
467,i_size_ll_neg_big_sp,1578535597,0
468,i_llmax_sp,1578535597,0
469,i_llmin_sp,1578535597,0
470,i_lmax_sp,1578535597,0
471,i_lmin_sp,1578535597,0
472,i_hmax_sp,1578535597,0
473,i_hmin_sp,1578535597,0
474,i_hhmax_sp,1578535597,0
475,i_hhmin_sp,1578535597,0
476,i_prec0val0_basic,1578535597,0
477,i_prec0val0_implicit,1578535597,0
478,i_prec0val0_w,1578535597,0
479,i_prec0val0_w_impl,1578535597,0
480,i_prec0val0_wlj,1578535597,0
481,i_prec0val0_wlj_impl,1578535597,0
482,i_prec0val0_as,1578535597,0
483,i_prec0val0_as_impl,1578535597,0
484,i_prec0val0_was,1578535597,0
485,i_prec0val0_was_impl,1578535597,0
486,i_prec0val0_waslj,1578535597,0
487,i_prec0val0_waslj_impl,1578535597,0
492,d_basic_i_pos,1578535961,0
493,d_basic_i_neg,1578535961,0
494,d_basic_i_zero,1578535961,0
495,d_basic_i_onlypos,1578535961,0
496,d_basic_i_onlyneg,1578535961,0
497,d_basic_i_onlyzero,1578535961,0
498,d_intmax,1578535961,0
499,d_intmin,1578535961,0
500,d_as_pos,1578535961,0
501,d_as_neg,1578535961,0
502,d_intmax_as,1578535961,0
503,d_width_pos_fits,1578535961,0
504,d_width_neg_fits,1578535961,0
505,d_width_zero_fits,1578535961,0
506,d_width_pos_exactfit,1578535961,0
507,d_width_neg_exactfit,1578535961,0
508,d_width_pos_nofit,1578535961,0
509,d_width_neg_nofit,1578535961,0
510,d_width_pos_fits_lj,1578535961,0
511,d_width_neg_fits_lj,1578535961,0
512,d_width_zero_fits_lj,1578535961,0
513,d_width_pos_exactfit_lj,1578535961,0
514,d_width_neg_exactfit_lj,1578535961,0
515,d_width_pos_nofit_lj,1578535961,0
516,d_width_neg_nofit_lj,1578535961,0
517,d_width_as_pos,1578535961,0
518,d_width_as_zero,1578535961,0
519,d_width_intmax_as,1578535961,0
520,d_prec_fits_pos,1578535961,0
521,d_prec_fits_neg,1578535961,0
522,d_prec_fits_zero,1578535961,0
523,d_prec_exactfit_pos,1578535961,0
524,d_prec_exactfit_neg,1578535961,0
525,d_prec_nofit_pos,1578535961,0
526,d_prec_nofit_neg,1578535961,0
527,d_prec_as_pos,1578535961,0
528,d_prec_as_neg,1578535961,0
529,d_prec_as_pos_nofit,1578535961,0
530,d_zp_pos_fits,1578535961,0
531,d_zp_neg_fits,1578535961,0
532,d_zp_zero_fits,1578535961,0
533,d_zp_pos_exactfit,1578535961,0
534,d_zp_neg_exactfit,1578535961,0
535,d_zp_neg_minus1fit,1578535961,0
536,d_zp_as_fits,1578535961,0
537,d_zp_as_zero,1578535961,0
538,d_prec_width_fit_fit_pos,1578535961,0
539,d_prec_width_fit_fit_neg,1578535961,0
540,d_prec_width_fit_fit_zero,1578535961,0
541,d_prec_width_nofit_fit_pos,1578535961,0
542,d_prec_width_nofit_fit_neg,1578535961,0
543,d_prec_width_fit_nofit_pos,1578535961,0
544,d_prec_width_fit_nofit_neg,1578535961,0
545,d_prec_width_nofit_nofit_pos,1578535961,0
546,d_prec_width_nofit_nofit_neg,1578535961,0
547,d_prec_width_fit_fit_pos_lj,1578535961,0
548,d_prec_width_fit_fit_neg_lj,1578535961,0
549,d_prec_width_fit_fit_zero_lj,1578535961,0
550,d_prec_width_nofit_fit_pos_lj,1578535961,0
551,d_prec_width_nofit_fit_neg_lj,1578535961,0
552,d_prec_width_fit_nofit_pos_lj,1578535961,0
553,d_prec_width_fit_nofit_neg_lj,1578535961,0
554,d_prec_width_nofit_nofit_pos_lj,1578535961,0
555,d_prec_width_nofit_nofit_neg_lj,1578535961,0
556,d_prec_width_fit_fit_pos_as,1578535961,0
557,d_prec_width_fit_fit_neg_as,1578535961,0
558,d_prec_width_fit_fit_zero_as,1578535961,0
559,d_prec_width_nofit_fit_pos_as,1578535961,0
560,d_prec_width_nofit_fit_neg_as,1578535961,0
561,d_prec_width_fit_nofit_pos_as,1578535961,0
562,d_prec_width_fit_nofit_neg_as,1578535961,0
563,d_prec_width_nofit_nofit_pos_as,1578535961,0
564,d_prec_width_nofit_nofit_neg_as,1578535961,0
565,d_prec_width_fit_fit_pos_ljas,1578535961,0
566,d_prec_width_fit_fit_neg_ljas,1578535961,0
567,d_prec_width_fit_fit_zero_ljas,1578535961,0
568,d_prec_width_nofit_fit_pos_ljas,1578535961,0
569,d_prec_width_nofit_fit_neg_ljas,1578535961,0
570,d_prec_width_fit_nofit_pos_ljas,1578535961,0
571,d_prec_width_fit_nofit_neg_ljas,1578535961,0
572,d_prec_width_nofit_nofit_pos_ljas,1578535961,0
573,d_prec_width_nofit_nofit_neg_ljas,1578535961,0
574,d_prec_width_ff_pos_zp,1578535961,0
575,d_prec_width_ff_neg_zp,1578535961,0
576,d_prec_width_ff_zero_zp,1578535961,0
577,d_prec_width_nf_pos_zp,1578535961,0
578,d_prec_width_nf_neg_zp,1578535961,0
579,d_prec_width_fn_pos_zp,1578535961,0
580,d_prec_width_fn_neg_zp,1578535961,0
581,d_prec_width_nn_pos_zp,1578535961,0
582,d_prec_width_nn_neg_zp,1578535961,0
583,d_prec_width_ff_pos_lj_zp_ignoreflag,1578535961,0
584,d_prec_width_ff_neg_ljzp_ignoreflag,1578535961,0
585,d_prec_width_ff_zero_ljzp_ignoreflag,1578535961,0
586,d_prec_width_nf_pos_ljzp_ignoreflag,1578535961,0
587,d_prec_width_nf_neg_ljzp_ignoreflag,1578535961,0
588,d_prec_width_fn_pos_ljzp_ignoreflag,1578535961,0
589,d_prec_width_fn_neg_ljzp_ignoreflag,1578535961,0
590,d_prec_width_nn_pos_ljzp_ignoreflag,1578535961,0
591,d_prec_width_nn_neg_ljzp_ignoreflag,1578535961,0
592,d_prec_width_ff_pos_aszp,1578535961,0
593,d_prec_width_ff_neg_aszp,1578535961,0
594,d_prec_width_ff_zero_aszp,1578535961,0
595,d_prec_width_nf_pos_aszp,1578535961,0
596,d_prec_width_nf_neg_aszp,1578535961,0
597,d_prec_width_fn_pos_aszp,1578535961,0
598,d_prec_width_fn_neg_aszp,1578535961,0
599,d_prec_width_nn_pos_aszp,1578535961,0
600,d_prec_width_nn_neg_aszp,1578535961,0
601,d_prec_width_ff_pos_ljaszp_ignoreflag,1578535961,0
602,d_prec_width_ff_neg_ljaszp_ignoreflag,1578535961,0
603,d_prec_width_ff_zero_ljaszp_ignoreflag,1578535961,0
604,d_prec_width_nf_pos_ljaszp_ignoreflag,1578535961,0
605,d_prec_width_nf_neg_ljaszp_ignoreflag,1578535961,0
606,d_prec_width_fn_pos_ljaszp_ignoreflag,1578535961,0
607,d_prec_width_fn_neg_ljaszp_ignoreflag,1578535961,0
608,d_prec_width_nn_pos_ljaszp_ignoreflag,1578535961,0
609,d_prec_width_nn_neg_ljaszp_ignoreflag,1578535961,0
610,d_size_hh_pos_casted,1578535961,0
611,d_size_hh_neg_casted,1578535961,0
612,d_size_h_pos_casted,1578535961,0
613,d_size_h_neg_casted,1578535961,0
614,d_size_l_pos_casted,1578535961,0
615,d_size_l_neg_casted,1578535961,0
616,d_size_ll_pos_casted,1578535961,0
617,d_size_ll_neg_casted,1578535961,0
618,d_size_hh_pos_ref,1578535961,0
619,d_size_hh_neg_ref,1578535961,0
620,d_size_h_pos_ref,1578535961,0
621,d_size_h_neg_ref,1578535961,0
622,d_size_l_pos_ref,1578535961,0
623,d_size_l_pos_ref_lmax,1578535961,0
624,d_size_ll_pos_ref_llmax,1578535961,0
625,d_size_l_neg_ref,1578535961,0
626,d_size_ll_pos_ref,1578535961,0
627,d_size_ll_neg_ref,1578535961,0
628,d_size_l_pos_big,1578535961,0
629,d_size_l_neg_big,1578535961,0
630,d_size_ll_pos_big,1578535961,0
631,d_size_ll_neg_big,1578535961,0
632,d_llmax,1578535961,0
633,d_llmin,1578535961,0
634,d_lmax,1578535961,0
635,d_lmin,1578535961,0
636,d_hmax,1578535961,0
637,d_hmin,1578535961,0
638,d_hhmax,1578535961,0
639,d_hhmin,1578535961,0
640,d_size_l_pos_big_zp,1578535961,0
641,d_size_l_neg_big_prec,1578535961,0
642,d_size_ll_pos_big_width,1578535961,0
643,d_size_ll_neg_big_lj,1578535961,0
644,d_size_l_pos_big_as,1578535961,0
645,d_size_follows_i_i,1578535961,0
646,d_size_follows_i_l,1578535961,0
647,d_size_follows_i_ll,1578535961,0
648,d_size_follows_i_h,1578535961,0
649,d_size_follows_i_hh,1578535961,0
650,d_size_ll_hh_ll,1578535961,0
651,d_size_h_l_hh,1578535961,0
652,d_size_l_hh_h,1578535961,0
653,d_size_n_ll_hh,1578535961,0
654,d_size_ll_n_l,1578535961,0
655,d_basic_i_pos_sp,1578535961,0
656,d_basic_i_neg_sp,1578535961,0
657,d_basic_i_zero_sp,1578535961,0
658,d_basic_i_onlypos_sp,1578535961,0
659,d_basic_i_onlyneg_sp,1578535961,0
660,d_basic_i_onlyzero_sp,1578535961,0
661,d_basic_i_pos_d_sp,1578535961,0
662,d_basic_i_neg_d_sp,1578535961,0
663,d_basic_i_zero_d_sp,1578535961,0
664,d_intmax_sp,1578535961,0
665,d_intmin_sp,1578535961,0
666,d_assp_pos_ignoreflag,1578535961,0
667,d_assp_neg_ignoreflag,1578535961,0
668,d_intmax_assp_ignoreflag,1578535961,0
669,d_width_pos_fits_sp,1578535961,0
670,d_width_neg_fits_sp,1578535961,0
671,d_width_zero_fits_sp,1578535961,0
672,d_width_pos_exactfit_sp,1578535961,0
673,d_width_neg_exactfit_sp,1578535961,0
674,d_width_pos_nofit_sp,1578535961,0
675,d_width_neg_nofit_sp,1578535961,0
676,d_width_pos_fits_lj_sp,1578535961,0
677,d_width_neg_fits_lj_sp,1578535961,0
678,d_width_zero_fits_lj_sp,1578535961,0
679,d_width_pos_exactfit_lj_sp,1578535961,0
680,d_width_neg_exactfit_lj_sp,1578535961,0
681,d_width_pos_nofit_lj_sp,1578535961,0
682,d_width_neg_nofit_lj_sp,1578535961,0
683,d_width_assp_pos_ignoreflag,1578535961,0
684,d_width_assp_zero_ignoreflag,1578535961,0
685,d_width_intmax_assp_ignoreflag,1578535961,0
686,d_prec_fits_pos_sp,1578535961,0
687,d_prec_fits_neg_sp,1578535961,0
688,d_prec_fits_zero_sp,1578535961,0
689,d_prec_exactfit_pos_sp,1578535961,0
690,d_prec_exactfit_neg_sp,1578535961,0
691,d_prec_nofit_pos_sp,1578535961,0
692,d_prec_nofit_neg_sp,1578535961,0
693,d_prec_assp_pos_ignoreflag,1578535961,0
694,d_prec_assp_neg_ignoreflag,1578535961,0
695,d_prec_assp_pos_nofit_ignoreflag,1578535961,0
696,d_zpsp_pos_fits,1578535961,0
697,d_zpsp_neg_fits,1578535961,0
698,d_zpsp_zero_fits,1578535961,0
699,d_zpsp_pos_exactfit,1578535961,0
700,d_zpsp_neg_exactfit,1578535961,0
701,d_zpsp_neg_minus1fit,1578535961,0
702,d_zpassp_as_fits_ignoreflag,1578535961,0
703,d_zpassp_zero_ignoreflag,1578535961,0
704,d_prec_width_fit_fit_pos_sp,1578535961,0
705,d_prec_width_fit_fit_neg_sp,1578535961,0
706,d_prec_width_fit_fit_zero_sp,1578535961,0
707,d_prec_width_nofit_fit_pos_sp,1578535961,0
708,d_prec_width_nofit_fit_neg_sp,1578535961,0
709,d_prec_width_fit_nofit_pos_sp,1578535961,0
710,d_prec_width_fit_nofit_neg_sp,1578535961,0
711,d_prec_width_nofit_nofit_pos_sp,1578535961,0
712,d_prec_width_nofit_nofit_neg_sp,1578535961,0
713,d_prec_width_fit_fit_pos_lj_sp,1578535961,0
714,d_prec_width_fit_fit_neg_lj_sp,1578535961,0
715,d_prec_width_fit_fit_zero_lj_sp,1578535961,0
716,d_prec_width_nofit_fit_pos_lj_sp,1578535961,0
717,d_prec_width_nofit_fit_neg_lj_sp,1578535961,0
718,d_prec_width_fit_nofit_pos_lj_sp,1578535961,0
719,d_prec_width_fit_nofit_neg_lj_sp,1578535961,0
720,d_prec_width_nofit_nofit_pos_lj_sp,1578535961,0
721,d_prec_width_nofit_nofit_neg_lj_sp,1578535961,0
722,d_prec_width_fit_fit_pos_assp_ignoreflag,1578535961,0
723,d_prec_width_fit_fit_neg_assp_ignoreflag,1578535961,0
724,d_prec_width_fit_fit_zero_assp_ignoreflag,1578535961,0
725,d_prec_width_nofit_fit_pos_assp_ignoreflag,1578535961,0
726,d_prec_width_nofit_fit_neg_assp_ignoreflag,1578535961,0
727,d_prec_width_fit_nofit_pos_assp_ignoreflag,1578535961,0
728,d_prec_width_fit_nofit_neg_assp_ignoreflag,1578535961,0
729,d_prec_width_nofit_nofit_pos_assp_ignoreflag,1578535961,0
730,d_prec_width_nofit_nofit_neg_assp_ignoreflag,1578535961,0
731,d_prec_width_fit_fit_pos_lj_assp_ignoreflag,1578535961,0
732,d_prec_width_fit_fit_neg_lj_assp_ignoreflag,1578535961,0
733,d_prec_width_fit_fit_zero_lj_assp_ignoreflag,1578535961,0
734,d_prec_width_nofit_fit_pos_lj_assp_ignoreflag,1578535961,0
735,d_prec_width_nofit_fit_neg_lj_assp_ignoreflag,1578535961,0
736,d_prec_width_fit_nofit_pos_lj_assp_ignoreflag,1578535961,0
737,d_prec_width_fit_nofit_neg_lj_assp_ignoreflag,1578535961,0
738,d_prec_width_nofit_nofit_pos_lj_assp_ignoreflag,1578535961,0
739,d_prec_width_nofit_nofit_neg_lj_assp_ignoreflag,1578535961,0
740,d_prec_width_ff_pos_zp_sp,1578535961,0
741,d_prec_width_ff_neg_zp_sp,1578535961,0
742,d_prec_width_ff_zero_zp_sp,1578535961,0
743,d_prec_width_nf_pos_zp_sp,1578535961,0
744,d_prec_width_nf_neg_zp_sp,1578535961,0
745,d_prec_width_fn_pos_zp_sp,1578535961,0
746,d_prec_width_fn_neg_zp_sp,1578535961,0
747,d_prec_width_nn_pos_zp_sp,1578535961,0
748,d_prec_width_nn_neg_zp_sp,1578535961,0
749,d_prec_width_ff_pos_ljzpsp_ignoreflag,1578535961,0
750,d_prec_width_ff_neg_ljzpsp_ignoreflag,1578535961,0
751,d_prec_width_ff_zero_ljzpsp_ignoreflag,1578535961,0
752,d_prec_width_nf_pos_ljzpsp_ignoreflag,1578535961,0
753,d_prec_width_nf_neg_ljzpsp_ignoreflag,1578535961,0
754,d_prec_width_fn_pos_ljzpsp_ignoreflag,1578535961,0
755,d_prec_width_fn_neg_ljzpsp_ignoreflag,1578535961,0
756,d_prec_width_nn_pos_ljzpsp_ignoreflag,1578535961,0
757,d_prec_width_nn_neg_ljzpsp_ignoreflag,1578535961,0
758,d_prec_width_ff_pos_aszpsp_ignoreflag,1578535961,0
759,d_prec_width_ff_neg_aszpsp_ignoreflag,1578535961,0
760,d_prec_width_ff_zero_aszpsp_ignoreflag,1578535961,0
761,d_prec_width_nf_pos_aszpsp_ignoreflag,1578535961,0
762,d_prec_width_nf_neg_aszpsp_ignoreflag,1578535961,0
763,d_prec_width_fn_pos_aszpsp_ignoreflag,1578535961,0
764,d_prec_width_fn_neg_aszpsp_ignoreflag,1578535961,0
765,d_prec_width_nn_pos_aszpsp_ignoreflag,1578535961,0
766,d_prec_width_nn_neg_aszpsp_ignoreflag,1578535961,0
767,d_prec_width_ff_pos_ljaszpsp_ignoreflag,1578535961,0
768,d_prec_width_ff_neg_ljaszpsp_ignoreflag,1578535961,0
769,d_prec_width_ff_zero_ljaszpsp_ignoreflag,1578535961,0
770,d_prec_width_nf_pos_ljaszpsp_ignoreflag,1578535961,0
771,d_prec_width_nf_neg_ljaszpsp_ignoreflag,1578535961,0
772,d_prec_width_fn_pos_ljaszpsp_ignoreflag,1578535961,0
773,d_prec_width_fn_neg_ljaszpsp_ignoreflag,1578535961,0
774,d_prec_width_nn_pos_ljaszpsp_ignoreflag,1578535961,0
775,d_prec_width_nn_neg_ljaszpsp_ignoreflag,1578535961,0
776,d_size_hh_pos_casted_sp,1578535961,0
777,d_size_hh_neg_casted_sp,1578535961,0
778,d_size_h_pos_casted_sp,1578535961,0
779,d_size_h_neg_casted_sp,1578535961,0
780,d_size_l_pos_casted_sp,1578535961,0
781,d_size_l_neg_casted_sp,1578535961,0
782,d_size_ll_pos_casted_sp,1578535961,0
783,d_size_ll_neg_casted_sp,1578535961,0
784,d_size_hh_pos_ref_sp,1578535961,0
785,d_size_hh_neg_ref_sp,1578535961,0
786,d_size_h_pos_ref_sp,1578535961,0
787,d_size_h_neg_ref_sp,1578535961,0
788,d_size_l_pos_ref_sp,1578535961,0
789,d_size_l_neg_ref_sp,1578535961,0
790,d_size_ll_pos_ref_sp,1578535961,0
791,d_size_ll_neg_ref_sp,1578535961,0
792,d_size_l_pos_big_sp,1578535961,0
793,d_size_l_neg_big_sp,1578535961,0
794,d_size_ll_pos_big_sp,1578535961,0
795,d_size_ll_neg_big_sp,1578535961,0
796,d_llmax_sp,1578535961,0
797,d_llmin_sp,1578535961,0
798,d_lmax_sp,1578535961,0
799,d_lmin_sp,1578535961,0
800,d_hmax_sp,1578535961,0
801,d_hmin_sp,1578535961,0
802,d_hhmax_sp,1578535961,0
803,d_hhmin_sp,1578535961,0
804,d_prec0val0_basic,1578535961,0
805,d_prec0val0_implicit,1578535961,0
806,d_prec0val0_w,1578535961,0
807,d_prec0val0_w_impl,1578535961,0
808,d_prec0val0_wlj,1578535961,0
809,d_prec0val0_wlj_impl,1578535961,0
810,d_prec0val0_as,1578535961,0
811,d_prec0val0_as_impl,1578535961,0
812,d_prec0val0_was,1578535961,0
813,d_prec0val0_was_impl,1578535961,0
814,d_prec0val0_waslj,1578535961,0
815,d_prec0val0_waslj_impl,1578535961,0
819,u_basic_u_pos,1578535969,0
820,u_basic_u_zero,1578535969,0
821,u_basic_u_onlypos,1578535969,0
822,u_uintmax,1578535969,0
823,u_width_pos_fits,1578535969,0
824,u_width_zero_fits,1578535969,0
825,u_width_pos_exactfit,1578535969,0
826,u_width_pos_nofit,1578535969,0
827,u_width_pos_fits_lj,1578535969,0
828,u_width_zero_fits_lj,1578535969,0
829,u_width_pos_exactfit_lj,1578535969,0
830,u_width_pos_nofit_lj,1578535969,0
831,u_prec_fits_pos,1578535969,0
832,u_prec_fits_zero,1578535969,0
833,u_prec_exactfit_pos,1578535969,0
834,u_prec_nofit_pos,1578535969,0
835,u_zp_pos_fits,1578535969,0
836,u_zp_zero_fits,1578535969,0
837,u_zp_pos_exactfit,1578535969,0
838,u_prec_width_fit_fit_pos,1578535969,0
839,u_prec_width_fit_fit_zero,1578535969,0
840,u_prec_width_nofit_fit_pos,1578535969,0
841,u_prec_width_fit_nofit_pos,1578535969,0
842,u_prec_width_nofit_nofit_pos,1578535969,0
843,u_prec_width_fit_fit_pos_lj,1578535969,0
844,u_prec_width_fit_fit_zero_lj,1578535969,0
845,u_prec_width_nofit_fit_pos_lj,1578535969,0
846,u_prec_width_fit_nofit_pos_lj,1578535969,0
847,u_prec_width_nofit_nofit_pos_lj,1578535969,0
848,u_prec_width_ff_pos_zp,1578535969,0
849,u_prec_width_ff_zero_zp,1578535969,0
850,u_prec_width_nf_pos_zp,1578535969,0
851,u_prec_width_fn_pos_zp,1578535969,0
852,u_prec_width_nn_pos_zp,1578535969,0
853,u_prec_width_ff_pos_ljzp_ignoreflag,1578535969,0
854,u_prec_width_ff_zero_ljzp_ignoreflag,1578535969,0
855,u_prec_width_nf_pos_ljzp_ignoreflag,1578535969,0
856,u_prec_width_fn_pos_ljzp_ignoreflag,1578535969,0
857,u_prec_width_nn_pos_ljzp_ignoreflag,1578535969,0
858,u_size_hh_pos_casted,1578535969,0
859,u_size_h_pos_casted,1578535969,0
860,u_size_l_pos_casted,1578535969,0
861,u_size_ll_pos_casted,1578535969,0
862,u_size_hh_pos_ref,1578535969,0
863,u_size_h_pos_ref,1578535969,0
864,u_size_l_pos_ref,1578535969,0
865,u_size_ll_pos_ref,1578535969,0
866,u_size_l_pos_big,1578535969,0
867,u_size_ll_pos_big,1578535969,0
868,u_ullmax,1578535969,0
869,u_ulmax,1578535969,0
870,u_uhmax,1578535969,0
871,u_uhhmax,1578535969,0
872,u_size_l_pos_big_zp,1578535969,0
873,u_size_ll_pos_big_width,1578535969,0
874,u_size_ll_hh_ll,1578535969,0
875,u_size_h_l_hh,1578535969,0
876,u_size_l_hh_h,1578535969,0
877,u_size_n_ll_hh,1578535969,0
878,u_size_ll_n_l,1578535969,0
879,u_prec0val0_basic,1578535969,0
880,u_prec0val0_implicit,1578535969,0
881,u_prec0val0_w,1578535969,0
882,u_prec0val0_w_impl,1578535969,0
883,u_prec0val0_wlj,1578535969,0
884,u_prec0val0_wlj_impl,1578535969,0
888,x_basic_pos,1578535772,0
889,x_basic_zero,1578535772,0
890,x_basic_onlypos,1578535772,0
891,x_hexlmax,1578535772,0
892,x_width_pos_fits,1578535772,0
893,x_width_zero_fits,1578535772,0
894,x_width_pos_exactfit,1578535772,0
895,x_width_pos_nofit,1578535772,0
896,x_width_pos_fits_lj,1578535772,0
897,x_width_zero_fits_lj,1578535772,0
898,x_width_pos_exactfit_lj,1578535772,0
899,x_width_pos_nofit_lj,1578535772,0
900,x_prec_fits_pos,1578535772,0
901,x_prec_fits_zero,1578535772,0
902,x_prec_exactfit_pos,1578535772,0
903,x_prec_nofit_pos,1578535772,0
904,x_zp_pos_fits,1578535772,0
905,x_zp_zero_fits,1578535772,0
906,x_zp_pos_exactfit,1578535772,0
907,x_prec_width_fit_fit_pos,1578535772,0
908,x_prec_width_fit_fit_zero,1578535772,0
909,x_prec_width_nofit_fit_pos,1578535772,0
910,x_prec_width_fit_nofit_pos,1578535772,0
911,x_prec_width_nofit_nofit_pos,1578535772,0
912,x_prec_width_fit_fit_pos_lj,1578535772,0
913,x_prec_width_fit_fit_zero_lj,1578535772,0
914,x_prec_width_nofit_fit_pos_lj,1578535772,0
915,x_prec_width_fit_nofit_pos_lj,1578535772,0
916,x_prec_width_nofit_nofit_pos_lj,1578535772,0
917,x_prec_width_ff_pos_zp,1578535772,0
918,x_prec_width_ff_zero_zp,1578535772,0
919,x_prec_width_nf_pos_zp,1578535772,0
920,x_prec_width_fn_pos_zp,1578535772,0
921,x_prec_width_nn_pos_zp,1578535772,0
922,x_prec_width_ff_pos_ljzp_ignoreflag,1578535772,0
923,x_prec_width_ff_zero_ljzp_ignoreflag,1578535772,0
924,x_prec_width_nf_pos_ljzp_ignoreflag,1578535772,0
925,x_prec_width_fn_pos_ljzp_ignoreflag,1578535772,0
926,x_prec_width_nn_pos_ljzp_ignoreflag,1578535772,0
927,x_size_hh_pos_casted,1578535772,0
928,x_size_h_pos_casted,1578535772,0
929,x_size_l_pos_casted,1578535772,0
930,x_size_ll_pos_casted,1578535772,0
931,x_size_hh_pos_ref,1578535772,0
932,x_size_h_pos_ref,1578535772,0
933,x_size_l_pos_ref,1578535772,0
934,x_size_ll_pos_ref,1578535772,0
935,x_size_l_pos_big,1578535772,0
936,x_size_ll_pos_big,1578535772,0
937,x_ullmax,1578535772,0
938,x_ulmax,1578535772,0
939,x_uhmax,1578535772,0
940,x_uhhmax,1578535772,0
941,x_size_l_pos_big_zp,1578535772,0
942,x_size_ll_pos_big_width,1578535772,0
943,x_size_ll_hh_ll,1578535772,0
944,x_size_h_l_hh,1578535772,0
945,x_size_l_hh_h,1578535772,0
946,x_size_n_ll_hh,1578535772,0
947,x_size_ll_n_l,1578535772,0
948,x_basic_pos_af,1578535772,0
949,x_basic_zero_af,1578535772,0
950,x_basic_onlypos_af,1578535772,0
951,x_hexlmax_af,1578535772,0
952,x_width_pos_fits_af,1578535772,0
953,x_width_zero_fits_af,1578535772,0
954,x_width_pos_exactfit_af,1578535772,0
955,x_width_pos_nofit_af,1578535772,0
956,x_width_pos_fits_lj_af,1578535772,0
957,x_width_zero_fits_lj_af,1578535772,0
958,x_width_pos_exactfit_lj_af,1578535772,0
959,x_width_pos_nofit_lj_af,1578535772,0
960,x_prec_fits_pos_af,1578535772,0
961,x_prec_fits_zero_af,1578535772,0
962,x_prec_exactfit_pos_af,1578535772,0
963,x_prec_nofit_pos_af,1578535772,0
964,x_zp_pos_fits_af,1578535772,0
965,x_zp_zero_fits_af,1578535772,0
966,x_zp_pos_exactfit_af,1578535772,0
967,x_prec_width_fit_fit_pos_af,1578535772,0
968,x_prec_width_fit_fit_zero_af,1578535772,0
969,x_prec_width_nofit_fit_pos_af,1578535772,0
970,x_prec_width_fit_nofit_pos_af,1578535772,0
971,x_prec_width_nofit_nofit_pos_af,1578535772,0
972,x_prec_width_fit_fit_pos_lj_af,1578535772,0
973,x_prec_width_fit_fit_zero_lj_af,1578535772,0
974,x_prec_width_nofit_fit_pos_lj_af,1578535772,0
975,x_prec_width_fit_nofit_pos_lj_af,1578535772,0
976,x_prec_width_nofit_nofit_pos_lj_af,1578535772,0
977,x_prec_width_ff_pos_zp_af,1578535772,0
978,x_prec_width_ff_zero_zp_af,1578535772,0
979,x_prec_width_nf_pos_zp_af,1578535772,0
980,x_prec_width_fn_pos_zp_af,1578535772,0
981,x_prec_width_nn_pos_zp_af,1578535772,0
982,x_prec_width_ff_pos_ljzpaf_ignoreflag,1578535772,0
983,x_prec_width_ff_zero_ljzpaf_ignoreflag,1578535772,0
984,x_prec_width_nf_pos_ljzpaf_ignoreflag,1578535772,0
985,x_prec_width_fn_pos_ljzpaf_ignoreflag,1578535772,0
986,x_prec_width_nn_pos_ljzpaf_ignoreflag,1578535772,0
987,x_size_hh_pos_casted_af,1578535772,0
988,x_size_h_pos_casted_af,1578535772,0
989,x_size_l_pos_casted_af,1578535772,0
990,x_size_ll_pos_casted_af,1578535772,0
991,x_size_hh_pos_ref_af,1578535772,0
992,x_size_h_pos_ref_af,1578535772,0
993,x_size_l_pos_ref_af,1578535772,0
994,x_size_ll_pos_ref_af,1578535772,0
995,x_size_l_pos_big_af,1578535772,0
996,x_size_ll_pos_big_af,1578535772,0
997,x_ullmax_af,1578535772,0
998,x_ulmax_af,1578535772,0
999,x_uhmax_af,1578535772,0
1000,x_uhhmax_af,1578535772,0
1001,x_size_l_pos_big_zp_af,1578535772,0
1002,x_size_ll_pos_big_width_af,1578535772,0
1003,x_size_ll_hh_ll_af,1578535772,0
1004,x_size_h_l_hh_af,1578535772,0
1005,x_size_l_hh_h_af,1578535772,0
1006,x_size_n_ll_hh_af,1578535772,0
1007,x_size_ll_n_l_af,1578535772,0
1008,x_prec0val0_basic,1578535772,0
1009,x_prec0val0_implicit,1578535772,0
1010,x_prec0val0_w,1578535772,0
1011,x_prec0val0_w_impl,1578535772,0
1012,x_prec0val0_wlj,1578535772,0
1013,x_prec0val0_wlj_impl,1578535772,0
1014,x_prec0val0_af,1578535772,0
1015,x_prec0val0_af_impl,1578535772,0
1016,x_prec0val0_waf,1578535772,0
1017,x_prec0val0_waf_impl,1578535772,0
1018,x_prec0val0_waflj,1578535772,0
1019,x_prec0val0_waflj_impl,1578535772,0
1020,X_basic_hexu_pos,1578535971,0
1021,X_basic_hexu_zero,1578535971,0
1022,X_basic_hexu_onlypos,1578535971,0
1023,X_hexumax,1578535971,0
1024,X_width_pos_fits,1578535971,0
1025,X_width_zero_fits,1578535971,0
1026,X_width_pos_exactfit,1578535971,0
1027,X_width_pos_nofit,1578535971,0
1028,X_width_pos_fits_lj,1578535971,0
1029,X_width_zero_fits_lj,1578535971,0
1030,X_width_pos_exactfit_lj,1578535971,0
1031,X_width_pos_nofit_lj,1578535971,0
1032,X_prec_fits_pos,1578535971,0
1033,X_prec_fits_zero,1578535971,0
1034,X_prec_exactfit_pos,1578535971,0
1035,X_prec_nofit_pos,1578535971,0
1036,X_zp_pos_fits,1578535971,0
1037,X_zp_zero_fits,1578535971,0
1038,X_zp_pos_exactfit,1578535971,0
1039,X_prec_width_fit_fit_pos,1578535971,0
1040,X_prec_width_fit_fit_zero,1578535971,0
1041,X_prec_width_nofit_fit_pos,1578535971,0
1042,X_prec_width_fit_nofit_pos,1578535971,0
1043,X_prec_width_nofit_nofit_pos,1578535971,0
1044,X_prec_width_fit_fit_pos_lj,1578535971,0
1045,X_prec_width_fit_fit_zero_lj,1578535971,0
1046,X_prec_width_nofit_fit_pos_lj,1578535971,0
1047,X_prec_width_fit_nofit_pos_lj,1578535971,0
1048,X_prec_width_nofit_nofit_pos_lj,1578535971,0
1049,X_prec_width_ff_pos_zp,1578535971,0
1050,X_prec_width_ff_zero_zp,1578535971,0
1051,X_prec_width_nf_pos_zp,1578535971,0
1052,X_prec_width_fn_pos_zp,1578535971,0
1053,X_prec_width_nn_pos_zp,1578535971,0
1054,X_prec_width_ff_pos_ljzp_ignoreflag,1578535971,0
1055,X_prec_width_ff_zero_ljzp_ignoreflag,1578535971,0
1056,X_prec_width_nf_pos_ljzp_ignoreflag,1578535971,0
1057,X_prec_width_fn_pos_ljzp_ignoreflag,1578535971,0
1058,X_prec_width_nn_pos_ljzp_ignoreflag,1578535971,0
1059,X_size_hh_pos_casted,1578535971,0
1060,X_size_h_pos_casted,1578535971,0
1061,X_size_l_pos_casted,1578535971,0
1062,X_size_ll_pos_casted,1578535971,0
1063,X_size_hh_pos_ref,1578535971,0
1064,X_size_h_pos_ref,1578535971,0
1065,X_size_l_pos_ref,1578535971,0
1066,X_size_ll_pos_ref,1578535971,0
1067,X_size_l_pos_big,1578535971,0
1068,X_size_ll_pos_big,1578535971,0
1069,X_ullmax,1578535971,0
1070,X_ulmax,1578535971,0
1071,X_uhmax,1578535971,0
1072,X_uhhmax,1578535971,0
1073,X_size_l_pos_big_zp,1578535971,0
1074,X_size_ll_pos_big_width,1578535971,0
1075,X_size_ll_hh_ll,1578535971,0
1076,X_size_h_l_hh,1578535971,0
1077,X_size_l_hh_h,1578535971,0
1078,X_size_n_ll_hh,1578535971,0
1079,X_size_ll_n_l,1578535971,0
1080,X_basic_hexu_pos_af,1578535971,0
1081,X_basic_hexu_zero_af,1578535971,0
1082,X_basic_hexu_onlypos_af,1578535971,0
1083,X_hexumax_af,1578535971,0
1084,X_width_pos_fits_af,1578535971,0
1085,X_width_zero_fits_af,1578535971,0
1086,X_width_pos_exactfit_af,1578535971,0
1087,X_width_pos_nofit_af,1578535971,0
1088,X_width_pos_fits_lj_af,1578535971,0
1089,X_width_zero_fits_lj_af,1578535971,0
1090,X_width_pos_exactfit_lj_af,1578535971,0
1091,X_width_pos_nofit_lj_af,1578535971,0
1092,X_prec_fits_pos_af,1578535971,0
1093,X_prec_fits_zero_af,1578535971,0
1094,X_prec_exactfit_pos_af,1578535971,0
1095,X_prec_nofit_pos_af,1578535971,0
1096,X_zp_pos_fits_af,1578535971,0
1097,X_zp_zero_fits_af,1578535971,0
1098,X_zp_pos_exactfit_af,1578535971,0
1099,X_prec_width_fit_fit_pos_af,1578535971,0
1100,X_prec_width_fit_fit_zero_af,1578535971,0
1101,X_prec_width_nofit_fit_pos_af,1578535971,0
1102,X_prec_width_fit_nofit_pos_af,1578535971,0
1103,X_prec_width_nofit_nofit_pos_af,1578535971,0
1104,X_prec_width_fit_fit_pos_lj_af,1578535971,0
1105,X_prec_width_fit_fit_zero_lj_af,1578535971,0
1106,X_prec_width_nofit_fit_pos_lj_af,1578535971,0
1107,X_prec_width_fit_nofit_pos_lj_af,1578535971,0
1108,X_prec_width_nofit_nofit_pos_lj_af,1578535971,0
1109,X_prec_width_ff_pos_zp_af,1578535971,0
1110,X_prec_width_ff_zero_zp_af,1578535971,0
1111,X_prec_width_nf_pos_zp_af,1578535971,0
1112,X_prec_width_fn_pos_zp_af,1578535971,0
1113,X_prec_width_nn_pos_zp_af,1578535971,0
1114,X_prec_width_ff_pos_ljzpaf_ignoreflag,1578535971,0
1115,X_prec_width_ff_zero_ljzpaf_ignoreflag,1578535971,0
1116,X_prec_width_nf_pos_ljzpaf_ignoreflag,1578535971,0
1117,X_prec_width_fn_pos_ljzpaf_ignoreflag,1578535971,0
1118,X_prec_width_nn_pos_ljzpaf_ignoreflag,1578535971,0
1119,X_size_hh_pos_casted_af,1578535971,0
1120,X_size_h_pos_casted_af,1578535971,0
1121,X_size_l_pos_casted_af,1578535971,0
1122,X_size_ll_pos_casted_af,1578535971,0
1123,X_size_hh_pos_ref_af,1578535971,0
1124,X_size_h_pos_ref_af,1578535971,0
1125,X_size_l_pos_ref_af,1578535971,0
1126,X_size_ll_pos_ref_af,1578535971,0
1127,X_size_l_pos_big_af,1578535971,0
1128,X_size_ll_pos_big_af,1578535971,0
1129,X_ullmax_af,1578535971,0
1130,X_ulmax_af,1578535971,0
1131,X_uhmax_af,1578535971,0
1132,X_uhhmax_af,1578535971,0
1133,X_size_l_pos_big_zp_af,1578535971,0
1134,X_size_ll_pos_big_width_af,1578535971,0
1135,X_size_ll_hh_ll_af,1578535971,0
1136,X_size_h_l_hh_af,1578535971,0
1137,X_size_l_hh_h_af,1578535971,0
1138,X_size_n_ll_hh_af,1578535971,0
1139,X_size_ll_n_l_af,1578535971,0
1140,X_prec0val0_basic,1578535971,0
1141,X_prec0val0_implicit,1578535971,0
1142,X_prec0val0_w,1578535971,0
1143,X_prec0val0_w_impl,1578535971,0
1144,X_prec0val0_wlj,1578535971,0
1145,X_prec0val0_wlj_impl,1578535971,0
1146,X_prec0val0_af,1578535971,0
1147,X_prec0val0_af_impl,1578535971,0
1148,X_prec0val0_waf,1578535971,0
1149,X_prec0val0_waf_impl,1578535971,0
1150,X_prec0val0_waflj,1578535971,0
1151,X_prec0val0_waflj_impl,1578535971,0
1152,o_basic_octl_pos,1578535967,0
1153,o_basic_octl_zero,1578535967,0
1154,o_basic_octl_onlypos,1578535967,0
1155,o_octlmax,1578535967,0
1156,o_width_pos_fits,1578535967,0
1157,o_width_zero_fits,1578535967,0
1158,o_width_pos_exactfit,1578535967,0
1159,o_width_pos_nofit,1578535967,0
1160,o_width_pos_fits_lj,1578535967,0
1161,o_width_zero_fits_lj,1578535967,0
1162,o_width_pos_exactfit_lj,1578535967,0
1163,o_width_pos_nofit_lj,1578535967,0
1164,o_prec_fits_pos,1578535967,0
1165,o_prec_fits_zero,1578535967,0
1166,o_prec_exactfit_pos,1578535967,0
1167,o_prec_nofit_pos,1578535967,0
1168,o_zp_pos_fits,1578535967,0
1169,o_zp_zero_fits,1578535967,0
1170,o_zp_pos_exactfit,1578535967,0
1171,o_prec_width_fit_fit_pos,1578535967,0
1172,o_prec_width_fit_fit_zero,1578535967,0
1173,o_prec_width_nofit_fit_pos,1578535967,0
1174,o_prec_width_fit_nofit_pos,1578535967,0
1175,o_prec_width_nofit_nofit_pos,1578535967,0
1176,o_prec_width_fit_fit_pos_lj,1578535967,0
1177,o_prec_width_fit_fit_zero_lj,1578535967,0
1178,o_prec_width_nofit_fit_pos_lj,1578535967,0
1179,o_prec_width_fit_nofit_pos_lj,1578535967,0
1180,o_prec_width_nofit_nofit_pos_lj,1578535967,0
1181,o_prec_width_ff_pos_zp,1578535967,0
1182,o_prec_width_ff_zero_zp,1578535967,0
1183,o_prec_width_nf_pos_zp,1578535967,0
1184,o_prec_width_fn_pos_zp,1578535967,0
1185,o_prec_width_nn_pos_zp,1578535967,0
1186,o_prec_width_ff_pos_ljzp_ignoreflag,1578535967,0
1187,o_prec_width_ff_zero_ljzp_ignoreflag,1578535967,0
1188,o_prec_width_nf_pos_ljzp_ignoreflag,1578535967,0
1189,o_prec_width_fn_pos_ljzp_ignoreflag,1578535967,0
1190,o_prec_width_nn_pos_ljzp_ignoreflag,1578535967,0
1191,o_size_hh_pos_casted,1578535967,0
1192,o_size_h_pos_casted,1578535967,0
1193,o_size_l_pos_casted,1578535967,0
1194,o_size_ll_pos_casted,1578535967,0
1195,o_size_hh_pos_ref,1578535967,0
1196,o_size_h_pos_ref,1578535967,0
1197,o_size_l_pos_ref,1578535967,0
1198,o_size_ll_pos_ref,1578535967,0
1199,o_size_l_pos_big,1578535967,0
1200,o_size_ll_pos_big,1578535967,0
1201,o_ullmax,1578535967,0
1202,o_ulmax,1578535967,0
1203,o_uhmax,1578535967,0
1204,o_uhhmax,1578535967,0
1205,o_size_l_pos_big_zp,1578535967,0
1206,o_size_ll_pos_big_width,1578535967,0
1207,o_size_ll_hh_ll,1578535967,0
1208,o_size_h_l_hh,1578535967,0
1209,o_size_l_hh_h,1578535967,0
1210,o_size_n_ll_hh,1578535967,0
1211,o_size_ll_n_l,1578535967,0
1212,o_basic_octl_pos_af,1578535967,0
1213,o_basic_octl_zero_af,1578535967,0
1214,o_basic_octl_onlypos_af,1578535967,0
1215,o_octlmax_af,1578535967,0
1216,o_width_pos_fits_af,1578535967,0
1217,o_width_zero_fits_af,1578535967,0
1218,o_width_pos_exactfit_af,1578535967,0
1219,o_width_pos_nofit_af,1578535967,0
1220,o_width_pos_fits_lj_af,1578535967,0
1221,o_width_zero_fits_lj_af,1578535967,0
1222,o_width_pos_exactfit_lj_af,1578535967,0
1223,o_width_pos_nofit_lj_af,1578535967,0
1224,o_prec_fits_pos_af,1578535967,0
1225,o_prec_fits_zero_af,1578535967,0
1226,o_prec_exactfit_pos_af,1578535967,0
1227,o_prec_nofit_pos_af,1578535967,0
1228,o_zp_pos_fits_af,1578535967,0
1229,o_zp_zero_fits_af,1578535967,0
1230,o_zp_pos_exactfit_af,1578535967,0
1231,o_prec_width_fit_fit_pos_af,1578535967,0
1232,o_prec_width_fit_fit_zero_af,1578535967,0
1233,o_prec_width_nofit_fit_pos_af,1578535967,0
1234,o_prec_width_fit_nofit_pos_af,1578535967,0
1235,o_prec_width_nofit_nofit_pos_af,1578535967,0
1236,o_prec_width_fit_fit_pos_lj_af,1578535967,0
1237,o_prec_width_fit_fit_zero_lj_af,1578535967,0
1238,o_prec_width_nofit_fit_pos_lj_af,1578535967,0
1239,o_prec_width_fit_nofit_pos_lj_af,1578535967,0
1240,o_prec_width_nofit_nofit_pos_lj_af,1578535967,0
1241,o_prec_width_ff_pos_zp_af,1578535967,0
1242,o_prec_width_ff_zero_zp_af,1578535967,0
1243,o_prec_width_nf_pos_zp_af,1578535967,0
1244,o_prec_width_fn_pos_zp_af,1578535967,0
1245,o_prec_width_nn_pos_zp_af,1578535967,0
1246,o_prec_width_ff_pos_ljzpaf_ignoreflag,1578535967,0
1247,o_prec_width_ff_zero_ljzpaf_ignoreflag,1578535967,0
1248,o_prec_width_nf_pos_ljzpaf_ignoreflag,1578535967,0
1249,o_prec_width_fn_pos_ljzpaf_ignoreflag,1578535967,0
1250,o_prec_width_nn_pos_ljzpaf_ignoreflag,1578535967,0
1251,o_size_hh_pos_casted_af,1578535967,0
1252,o_size_h_pos_casted_af,1578535967,0
1253,o_size_l_pos_casted_af,1578535967,0
1254,o_size_ll_pos_casted_af,1578535967,0
1255,o_size_hh_pos_ref_af,1578535967,0
1256,o_size_h_pos_ref_af,1578535967,0
1257,o_size_l_pos_ref_af,1578535967,0
1258,o_size_ll_pos_ref_af,1578535967,0
1259,o_size_l_pos_big_af,1578535967,0
1260,o_size_ll_pos_big_af,1578535967,0
1261,o_ullmax_af,1578535967,0
1262,o_ulmax_af,1578535967,0
1263,o_uhmax_af,1578535967,0
1264,o_uhhmax_af,1578535967,0
1265,o_size_l_pos_big_zp_af,1578535967,0
1266,o_size_ll_pos_big_width_af,1578535967,0
1267,o_size_ll_hh_ll_af,1578535967,0
1268,o_size_h_l_hh_af,1578535967,0
1269,o_size_l_hh_h_af,1578535967,0
1270,o_size_n_ll_hh_af,1578535967,0
1271,o_size_ll_n_l_af,1578535967,0
1272,o_prec0val0_basic,1578535967,0
1273,o_prec0val0_implicit,1578535967,0
1274,o_prec0val0_w,1578535967,0
1275,o_prec0val0_w_impl,1578535967,0
1276,o_prec0val0_wlj,1578535967,0
1277,o_prec0val0_wlj_impl,1578535967,0
1278,o_prec0val0_af,1578535967,0
1279,o_prec0val0_af_impl,1578535967,0
1280,o_prec0val0_waf,1578535967,0
1281,o_prec0val0_waf_impl,1578535967,0
1282,o_prec0val0_waflj,1578535967,0
1283,o_prec0val0_waflj_impl,1578535967,0
1284,p_null,1578535973,0
1289,p_ftfc_5w_throwswarning,1578535973,0
1290,p_basic,1578535973,0
1291,p_width_fit,1578535973,0
1292,p_width_nofit,1578535973,0
1293,p_width_16,1578535973,0
1294,p_width_8,1578535973,0
1295,p_width_32,1578535973,0
1296,p_width_fit_lj,1578535973,0
1297,p_width_nofit_lj,1578535973,0
1298,p_width_16_lj,1578535973,0
1299,p_width_8_lj,1578535973,0
1300,p_width_32_lj,1578535973,0
1301,c_allprintable_combined,1578535964,0
1302,c_1_31_combined,1578535964,0
1303,c_128_255_combined,1578535964,0
1304,c_allprintable_width,1578535964,0
1305,c_1_31_width,1578535964,0
1306,c_128_255_width,1578535964,0
1307,c_allprintable_width_lj,1578535964,0
1308,c_1_31_width_lj,1578535964,0
1309,c_128_255_width_lj,1578535964,0
1310,c_nullterm_basic,1578535964,0
1311,c_nullterm_5w,1578535964,0
1312,c_nullterm_5wlj,1578535964,0
